"1,google.com,"
"2,facebook.com,"
"3,youtube.com,"
"4,baidu.com,"
"5,yahoo.com,"
"6,amazon.com,"
"7,wikipedia.org,"
"8,qq.com,"
"9,twitter.com,"
"10,google.co.in,"
"11,taobao.com,"
"12,live.com,"
"13,sina.com.cn,"
"14,linkedin.com,"
"15,yahoo.co.jp,"
"16,weibo.com,"
"17,ebay.com,"
"18,google.co.jp,"
"19,yandex.ru,"
"20,hao123.com,"
"21,vk.com,"
"22,bing.com,"
"23,google.de,"
"24,t.co,"
"25,instagram.com,"
"26,msn.com,"
"27,amazon.co.jp,"
"28,google.co.uk,"
"29,aliexpress.com,"
"30,pinterest.com,"
"31,apple.com,"
"32,ask.com,"
"33,blogspot.com,"
"34,tmall.com,"
"35,wordpress.com,"
"36,reddit.com,"
"37,google.fr,"
"38,onclickads.net,"
"39,google.com.br,"
"40,paypal.com,"
"41,mail.ru,"
"42,tumblr.com,"
"43,sohu.com,"
"44,imgur.com,"
"45,microsoft.com,"
"46,google.ru,"
"47,xvideos.com,"
"48,imdb.com,"
"49,google.it,"
"50,google.es,"
"51,gmw.cn,"
"52,netflix.com,"
"53,fc2.com,"
"54,amazon.de,"
"55,360.cn,"
"56,googleadservices.com,"
"57,alibaba.com,"
"58,go.com,"
"59,stackoverflow.com,"
"60,google.com.mx,"
"61,google.ca,"
"62,ok.ru,"
"63,google.com.hk,"
"64,craigslist.org,"
"65,tianya.cn,"
"66,pornhub.com,"
"67,amazon.co.uk,"
"68,rakuten.co.jp,"
"69,blogger.com,"
"70,naver.com,"
"71,espn.go.com,"
"72,google.com.tr,"
"73,xhamster.com,"
"74,soso.com,"
"75,outbrain.com,"
"76,nicovideo.jp,"
"77,cnn.com,"
"78,google.co.id,"
"79,kat.cr,"
"80,diply.com,"
"81,bbc.co.uk,"
"82,flipkart.com,"
"83,dropbox.com,"
"84,github.com,"
"85,amazon.in,"
"86,adcash.com,"
"87,ebay.de,"
"88,popads.net,"
"89,google.com.au,"
"90,googleusercontent.com,"
"91,xinhuanet.com,"
"92,google.pl,"
"93,google.co.kr,"
"94,dailymotion.com,"
"95,pixnet.net,"
"96,ebay.co.uk,"
"97,sogou.com,"
"98,nytimes.com,"
"99,bongacams.com,"
"100,adnetworkperformance.com,"
"101,bbc.com,"
"102,booking.com,"
"103,jd.com,"
"104,livedoor.jp,"
"105,dailymail.co.uk,"
"106,adobe.com,"
"107,wikia.com,"
"108,163.com,"
"109,directrev.com,"
"110,indiatimes.com,"
"111,china.com.cn,"
"112,chase.com,"
"113,coccoc.com,"
"114,china.com,"
"115,dmm.co.jp,"
"116,huffingtonpost.com,"
"117,xnxx.com,"
"118,uol.com.br,"
"119,alipay.com,"
"120,buzzfeed.com,"
"121,youku.com,"
"122,google.com.tw,"
"123,google.com.sa,"
"124,amazon.cn,"
"125,google.com.eg,"
"126,blogspot.in,"
"127,google.com.ar,"
"128,ameblo.jp,"
"129,amazon.fr,"
"130,google.co.th,"
"131,theguardian.com,"
"132,microsoftonline.com,"
"133,tradeadexchange.com,"
"134,amazonaws.com,"
"135,walmart.com,"
"136,google.com.pk,"
"137,etsy.com,"
"138,daum.net,"
"139,yelp.com,"
"140,chinadaily.com.cn,"
"141,slideshare.net,"
"142,bankofamerica.com,"
"143,ettoday.net,"
"144,twitch.tv,"
"145,cnet.com,"
"146,tudou.com,"
"147,globo.com,"
"148,whatsapp.com,"
"149,aol.com,"
"150,flickr.com,"
"151,stackexchange.com,"
"152,office.com,"
"153,google.nl,"
"154,indeed.com,"
"155,quora.com,"
"156,weather.com,"
"157,cntv.cn,"
"158,redtube.com,"
"159,amazon.it,"
"160,reimageplus.com,"
"161,snapdeal.com,"
"162,naver.jp,"
"163,soundcloud.com,"
"164,adf.ly,"
"165,bp.blogspot.com,"
"166,douban.com,"
"167,youporn.com,"
"168,forbes.com,"
"169,wellsfargo.com,"
"170,ilividnewtab.com,"
"171,zillow.com,"
"172,vice.com,"
"173,google.co.za,"
"174,tubecup.com,"
"175,leboncoin.fr,"
"176,office365.com,"
"177,gmail.com,"
"178,google.co.ve,"
"179,ikea.com,"
"180,detail.tmall.com,"
"181,kakaku.com,"
"182,godaddy.com,"
"183,vimeo.com,"
"184,google.gr,"
"185,target.com,"
"186,goo.ne.jp,"
"187,salesforce.com,"
"188,about.com,"
"189,adplxmd.com,"
"190,tripadvisor.com,"
"191,bestbuy.com,"
"192,allegro.pl,"
"193,avito.ru,"
"194,livejournal.com,"
"195,foxnews.com,"
"196,loading-delivery2.com,"
"197,wordpress.org,"
"198,deviantart.com,"
"199,themeforest.net,"
"200,9gag.com,"
"201,theladbible.com,"
"202,feedly.com,"
"203,nih.gov,"
"204,w3schools.com,"
"205,nfl.com,"
"206,washingtonpost.com,"
"207,doublepimp.com,"
"208,wikihow.com,"
"209,google.com.ua,"
"210,files.wordpress.com,"
"211,skype.com,"
"212,gfycat.com,"
"213,businessinsider.com,"
"214,taboola.com,"
"215,softonic.com,"
"216,mediafire.com,"
"217,mozilla.org,"
"218,zol.com.cn,"
"219,google.cn,"
"220,pixiv.net,"
"221,onet.pl,"
"222,telegraph.co.uk,"
"223,americanexpress.com,"
"224,akamaihd.net,"
"225,mystart.com,"
"226,terraclicks.com,"
"227,google.com.co,"
"228,amazon.es,"
"229,hclips.com,"
"230,doorblog.jp,"
"231,avg.com,"
"232,wix.com,"
"233,nametests.com,"
"234,comcast.net,"
"235,google.com.sg,"
"236,archive.org,"
"237,huanqiu.com,"
"238,steamcommunity.com,"
"239,homedepot.com,"
"240,ups.com,"
"241,weebly.com,"
"242,trackingclick.net,"
"243,wikimedia.org,"
"244,secureserver.net,"
"245,google.be,"
"246,usps.com,"
"247,bitauto.com,"
"248,zhihu.com,"
"249,google.ro,"
"250,ebay-kleinanzeigen.de,"
"251,addthis.com,"
"252,force.com,"
"253,ndtv.com,"
"254,bilibili.com,"
"255,google.com.ph,"
"256,tlbb8.com,"
"257,google.com.ng,"
"258,answers.com,"
"259,gamer.com.tw,"
"260,mercadolivre.com.br,"
"261,xywy.com,"
"262,shutterstock.com,"
"263,web.de,"
"264,github.io,"
"265,popcash.net,"
"266,steampowered.com,"
"267,ifeng.com,"
"268,detik.com,"
"269,sourceforge.net,"
"270,orange.fr,"
"271,bild.de,"
"272,speedtest.net,"
"273,spaceshipads.com,"
"274,xfinity.com,"
"275,uptodown.com,"
"276,mailchimp.com,"
"277,dmm.com,"
"278,hdfcbank.com,"
"279,gmx.net,"
"280,hp.com,"
"281,rambler.ru,"
"282,webmd.com,"
"283,google.se,"
"284,google.at,"
"285,terrapops.com,"
"286,fbcdn.net,"
"287,varzesh3.com,"
"288,usatoday.com,"
"289,livejasmin.com,"
"290,goodreads.com,"
"291,wordreference.com,"
"292,youm7.com,"
"293,att.com,"
"294,wp.pl,"
"295,groupon.com,"
"296,stumbleupon.com,"
"297,blog.jp,"
"298,hootsuite.com,"
"299,icicibank.com,"
"300,capitalone.com,"
"301,spiegel.de,"
"302,adidas.tmall.com,"
"303,caijing.com.cn,"
"304,google.com.pe,"
"305,t-online.de,"
"306,bloomberg.com,"
"307,haiwainet.cn,"
"308,blogfa.com,"
"309,google.pt,"
"310,thesaurus.com,"
"311,bet365.com,"
"312,watsons.tmall.com,"
"313,hulu.com,"
"314,fedex.com,"
"315,spotify.com,"
"316,2ch.net,"
"317,xuite.net,"
"318,amazon.ca,"
"319,people.com.cn,"
"320,mashable.com,"
"321,extratorrent.cc,"
"322,media.tumblr.com,"
"323,ign.com,"
"324,pandora.com,"
"325,mlb.com,"
"326,mama.cn,"
"327,paytm.com,"
"328,samsung.com,"
"329,wsj.com,"
"330,chaoshi.tmall.com,"
"331,seznam.cz,"
"332,accuweather.com,"
"333,engadget.com,"
"334,styletv.com.cn,"
"335,ebay.in,"
"336,badoo.com,"
"337,google.ae,"
"338,udn.com,"
"339,youth.cn,"
"340,life.com.tw,"
"341,1905.com,"
"342,nownews.com,"
"343,gsmarena.com,"
"344,google.ch,"
"345,putlocker.is,"
"346,chaturbate.com,"
"347,verizonwireless.com,"
"348,livedoor.biz,"
"349,dell.com,"
"350,kaskus.co.id,"
"351,cnzz.com,"
"352,reuters.com,"
"353,39.net,"
"354,warmportrait.com,"
"355,1688.com,"
"356,abs-cbnnews.com,"
"357,pconline.com.cn,"
"358,rediff.com,"
"359,onlinesbi.com,"
"360,twimg.com,"
"361,zendesk.com,"
"362,bleacherreport.com,"
"363,ijreview.com,"
"364,jabong.com,"
"365,likes.com,"
"366,google.cl,"
"367,reference.com,"
"368,google.com.bd,"
"369,iqiyi.com,"
"370,sahibinden.com,"
"371,google.cz,"
"372,mega.nz,"
"373,enet.com.cn,"
"374,milliyet.com.tr,"
"375,rutracker.org,"
"376,rt.com,"
"377,macys.com,"
"378,trello.com,"
"379,mydomainadvisor.com,"
"380,icloud.com,"
"381,tistory.com,"
"382,yaolan.com,"
"383,ask.fm,"
"384,smzdm.com,"
"385,kouclo.com,"
"386,google.ie,"
"387,baike.com,"
"388,quikr.com,"
"389,kickstarter.com,"
"390,impress.co.jp,"
"391,haosou.com,"
"392,lady8844.com,"
"393,evernote.com,"
"394,gameforge.com,"
"395,infusionsoft.com,"
"396,google.dz,"
"397,slickdeals.net,"
"398,kohls.com,"
"399,liveinternet.ru,"
"400,ebay.it,"
"401,google.az,"
"402,tube8.com,"
"403,cbssports.com,"
"404,google.hu,"
"405,eksisozluk.com,"
"406,thefreedictionary.com,"
"407,hurriyet.com.tr,"
"408,4shared.com,"
"409,ebay.com.au,"
"410,babytree.com,"
"411,ce.cn,"
"412,chinatimes.com,"
"413,teepr.com,"
"414,blogimg.jp,"
"415,goal.com,"
"416,oeeee.com,"
"417,oracle.com,"
"418,upornia.com,"
"419,scribd.com,"
"420,repubblica.it,"
"421,elpais.com,"
"422,meetup.com,"
"423,google.no,"
"424,taleo.net,"
"425,sberbank.ru,"
"426,yandex.ua,"
"427,eastday.com,"
"428,espncricinfo.com,"
"429,neobux.com,"
"430,newegg.com,"
"431,photobucket.com,"
"432,uploaded.net,"
"433,ppomppu.co.kr,"
"434,buzzfil.net,"
"435,theverge.com,"
"436,libero.it,"
"437,ewt.cc,"
"438,torrentz.eu,"
"439,onedio.com,"
"440,kinopoisk.ru,"
"441,google.co.il,"
"442,vid.me,"
"443,ltn.com.tw,"
"444,olx.in,"
"445,lifehacker.com,"
"446,list-manage.com,"
"447,marca.com,"
"448,livedoor.com,"
"449,ameba.jp,"
"450,citi.com,"
"451,gap.com,"
"452,slack.com,"
"453,stockstar.com,"
"454,aparat.com,"
"455,qunar.com,"
"456,xda-developers.com,"
"457,fiverr.com,"
"458,shopclues.com,"
"459,cloudfront.net,"
"460,gizmodo.com,"
"461,pinimg.com,"
"462,liveadexchanger.com,"
"463,time.com,"
"464,free.fr,"
"465,disqus.com,"
"466,lowes.com,"
"467,retailmenot.com,"
"468,naukri.com,"
"469,hm.com,"
"470,savefrom.net,"
"471,xe.com,"
"472,liputan6.com,"
"473,4dsply.com,"
"474,nyaa.se,"
"475,kompas.com,"
"476,youboy.com,"
"477,battle.net,"
"478,epweike.com,"
"479,mobile.de,"
"480,admtpmp127.com,"
"481,torrentz.in,"
"482,zippyshare.com,"
"483,independent.co.uk,"
"484,hotels.com,"
"485,autohome.com.cn,"
"486,justdial.com,"
"487,youradexchange.com,"
"488,techcrunch.com,"
"489,nordstrom.com,"
"490,nbcnews.com,"
"491,gamefaqs.com,"
"492,lenovo.com,"
"493,tabelog.com,"
"494,freegameszonetab.com,"
"495,allrecipes.com,"
"496,timeanddate.com,"
"497,kinogo.co,"
"498,google.fi,"
"499,exoclick.com,"
"500,surveymonkey.com,"
"501,playstation.com,"
"502,17ok.com,"
"503,expedia.com,"
"504,connect5364.com,"
"505,chip.de,"
"506,rbc.ru,"
"507,souq.com,"
"508,corriere.it,"
"509,asos.com,"
"510,airbnb.com,"
"511,gmarket.co.kr,"
"512,sabq.org,"
"513,bhaskar.com,"
"514,webssearches.com,"
"515,wunderground.com,"
"516,eyny.com,"
"517,google.com.vn,"
"518,kijiji.ca,"
"519,ancestry.com,"
"520,gmanetwork.com,"
"521,digikala.com,"
"522,blackboard.com,"
"523,glassdoor.com,"
"524,instructables.com,"
"525,subscene.com,"
"526,chinaz.com,"
"527,intuit.com,"
"528,mercadolibre.com.ar,"
"529,youtube-mp3.org,"
"530,urdupoint.com,"
"531,mirror.co.uk,"
"532,npr.org,"
"533,elmundo.es,"
"534,olx.pl,"
"535,myway.com,"
"536,ero-advertising.com,"
"537,hatena.ne.jp,"
"538,google.sk,"
"539,shopify.com,"
"540,azlyrics.com,"
"541,realtor.com,"
"542,people.com,"
"543,beeg.com,"
"544,vcommission.com,"
"545,xunlei.com,"
"546,okcupid.com,"
"547,doubleclick.net,"
"548,streamcloud.eu,"
"549,codecanyon.net,"
"550,nifty.com,"
"551,livescore.com,"
"552,verizon.com,"
"553,issuu.com,"
"554,albawabhnews.com,"
"555,kooora.com,"
"556,rottentomatoes.com,"
"557,box.com,"
"558,jimdo.com,"
"559,6pm.com,"
"560,cnbeta.com,"
"561,seesaa.net,"
"562,discovercard.com,"
"563,yts.to,"
"564,clien.net,"
"565,bukalapak.com,"
"566,sh.st,"
"567,wired.com,"
"568,blogspot.jp,"
"569,so-net.ne.jp,"
"570,kayak.com,"
"571,hespress.com,"
"572,costco.com,"
"573,wow.com,"
"574,irctc.co.in,"
"575,douyutv.com,"
"576,focus.de,"
"577,mercadolibre.com.ve,"
"578,taringa.net,"
"579,vnexpress.net,"
"580,subito.it,"
"581,urbandictionary.com,"
"582,change.org,"
"583,moneycontrol.com,"
"584,staticwebdom.com,"
"585,nike.com,"
"586,statcounter.com,"
"587,mixi.jp,"
"588,airtel.in,"
"589,ebay.fr,"
"590,squarespace.com,"
"591,zomato.com,"
"592,haber7.com,"
"593,instructure.com,"
"594,ci123.com,"
"595,duckduckgo.com,"
"596,r10.net,"
"597,bestadbid.com,"
"598,tmz.com,"
"599,blogspot.mx,"
"600,wetransfer.com,"
"601,medium.com,"
"602,drudgereport.com,"
"603,sakura.ne.jp,"
"604,gazeta.pl,"
"605,ytimg.com,"
"606,google.com.my,"
"607,siteadvisor.com,"
"608,agoda.com,"
"609,overstock.com,"
"610,yandex.com.tr,"
"611,latimes.com,"
"612,lenta.ru,"
"613,11st.co.kr,"
"614,ca.gov,"
"615,makemytrip.com,"
"616,php.net,"
"617,pof.com,"
"618,wonderlandads.com,"
"619,domaintools.com,"
"620,k618.cn,"
"621,donga.com,"
"622,asus.com,"
"623,trulia.com,"
"624,lazada.co.id,"
"625,thepiratebay.la,"
"626,rednet.cn,"
"627,lemonde.fr,"
"628,yandex.kz,"
"629,pch.com,"
"630,asana.com,"
"631,cookpad.com,"
"632,youdao.com,"
"633,goodgamestudios.com,"
"634,mihanblog.com,"
"635,zulily.com,"
"636,hupu.com,"
"637,yodobashi.com,"
"638,yallakora.com,"
"639,musicboxnewtab.com,"
"640,aweber.com,"
"641,japanpost.jp,"
"642,abcnews.go.com,"
"643,constantcontact.com,"
"644,woot.com,"
"645,tinyurl.com,"
"646,stamplive.com,"
"647,cnbc.com,"
"648,itmedia.co.jp,"
"649,southwest.com,"
"650,udemy.com,"
"651,intoday.in,"
"652,youjizz.com,"
"653,vetogate.com,"
"654,semrush.com,"
"655,2mdn.info,"
"656,superuser.com,"
"657,csdn.net,"
"658,pcmag.com,"
"659,lefigaro.fr,"
"660,staples.com,"
"661,wayfair.com,"
"662,interia.pl,"
"663,freepik.com,"
"664,bomb01.com,"
"665,gigazine.net,"
"666,cbs.com,"
"667,blog.me,"
"668,appledaily.com.tw,"
"669,hostgator.com,"
"670,eventbrite.com,"
"671,swagbucks.com,"
"672,workercn.cn,"
"673,researchgate.net,"
"674,eonline.com,"
"675,b5m.com,"
"676,ero-video.net,"
"677,chron.com,"
"678,bitly.com,"
"679,sears.com,"
"680,suning.com,"
"681,onlylady.com,"
"682,norton.com,"
"683,slate.com,"
"684,315che.com,"
"685,custhelp.com,"
"686,goo.gl,"
"687,asahi.com,"
"688,abril.com.br,"
"689,foodnetwork.com,"
"690,flirchi.com,"
"691,fidelity.com,"
"692,sharepoint.com,"
"693,shareba.com,"
"694,ensonhaber.com,"
"695,cbsnews.com,"
"696,mercadolibre.com.mx,"
"697,houzz.com,"
"698,upwork.com,"
"699,biglobe.ne.jp,"
"700,bookmyshow.com,"
"701,nasa.gov,"
"702,coursera.org,"
"703,billdesk.com,"
"704,howtogeek.com,"
"705,voc.com.cn,"
"706,wikiwiki.jp,"
"707,lequipe.fr,"
"708,bodybuilding.com,"
"709,liveleak.com,"
"710,zing.vn,"
"711,58.com,"
"712,rightmove.co.uk,"
"713,marketwatch.com,"
"714,histats.com,"
"715,mystartsearch.com,"
"716,gearbest.com,"
"717,tokopedia.com,"
"718,chinaso.com,"
"719,nhk.or.jp,"
"720,egou.com,"
"721,rapidgator.net,"
"722,windows.com,"
"723,nikkei.com,"
"724,patch.com,"
"725,microsoftstore.com,"
"726,zoho.com,"
"727,pantip.com,"
"728,gemius.pl,"
"729,hatenablog.com,"
"730,google.dk,"
"731,food.com,"
"732,tribunnews.com,"
"733,wp.com,"
"734,t-mobile.com,"
"735,nikkeibp.co.jp,"
"736,backpage.com,"
"737,gawker.com,"
"738,nydailynews.com,"
"739,shareasale.com,"
"740,cdiscount.com,"
"741,zara.com,"
"742,littlethings.com,"
"743,clipconverter.cc,"
"744,farsnews.com,"
"745,java.com,"
"746,thesportbible.com,"
"747,exblog.jp,"
"748,momoshop.com.tw,"
"749,fanduel.com,"
"750,e-hentai.org,"
"751,twoo.com,"
"752,olx.com.br,"
"753,popsugar.com,"
"754,ria.ru,"
"755,topix.com,"
"756,bhphotovideo.com,"
"757,academia.edu,"
"758,dropbooks.tv,"
"759,behance.net,"
"760,ticketmaster.com,"
"761,list.tmall.com,"
"762,mynet.com,"
"763,adservingsolutionsinc.com,"
"764,usaa.com,"
"765,zappos.com,"
"766,techradar.com,"
"767,clixsense.com,"
"768,myfitnesspal.com,"
"769,messenger.com,"
"770,reverso.net,"
"771,xbox.com,"
"772,babycenter.com,"
"773,commentcamarche.net,"
"774,jrj.com.cn,"
"775,leagueoflegends.com,"
"776,fanli.com,"
"777,investing.com,"
"778,gamespot.com,"
"779,faithtap.com,"
"780,gismeteo.ru,"
"781,ibm.com,"
"782,mobile01.com,"
"783,milanuncios.com,"
"784,mayoclinic.org,"
"785,jcpenney.com,"
"786,4chan.org,"
"787,himado.in,"
"788,olx.ua,"
"789,cracked.com,"
"790,mi.com,"
"791,nypost.com,"
"792,weblio.jp,"
"793,elmogaz.com,"
"794,sciencedirect.com,"
"795,sbnation.com,"
"796,mit.edu,"
"797,atlassian.net,"
"798,megapopads.com,"
"799,emol.com,"
"800,kdnet.net,"
"801,dianping.com,"
"802,google.co.nz,"
"803,auction.co.kr,"
"804,androidcentral.com,"
"805,www.gov.uk,"
"806,europa.eu,"
"807,informer.com,"
"808,disq.us,"
"809,aa.com,"
"810,thewatchseries.to,"
"811,webex.com,"
"812,123rf.com,"
"813,rdsa2012.com,"
"814,cbc.ca,"
"815,thedailybeast.com,"
"816,wav.tv,"
"817,ted.com,"
"818,atwiki.jp,"
"819,wiktionary.org,"
"820,elwatannews.com,"
"821,mega.co.nz,"
"822,digitaltrends.com,"
"823,anitube.se,"
"824,facenama.com,"
"825,tnaflix.com,"
"826,delta-homes.com,"
"827,jumia.com.ng,"
"828,india.com,"
"829,novinky.cz,"
"830,usbank.com,"
"831,adp.com,"
"832,delta.com,"
"833,21cn.com,"
"834,filehippo.com,"
"835,torcache.net,"
"836,news.com.au,"
"837,gazzetta.it,"
"838,plarium.com,"
"839,agar.io,"
"840,infoseek.co.jp,"
"841,state.gov,"
"842,premierleague.com,"
"843,gutefrage.net,"
"844,ganji.com,"
"845,netteller.com,"
"846,united.com,"
"847,vk.me,"
"848,yoka.com,"
"849,sozcu.com.tr,"
"850,geocities.jp,"
"851,primewire.ag,"
"852,dreamstime.com,"
"853,all2lnk.com,"
"854,prntscr.com,"
"855,acfun.tv,"
"856,alicdn.com,"
"857,drtuber.com,"
"858,mackeeper.com,"
"859,deviantart.net,"
"860,hubspot.com,"
"861,offpageads.com,"
"862,blogspot.com.eg,"
"863,vi-view.com,"
"864,jin115.com,"
"865,macrumors.com,"
"866,investopedia.com,"
"867,ea.com,"
"868,quanjing.com,"
"869,as.com,"
"870,sfgate.com,"
"871,priceline.com,"
"872,pulseadnetwork.com,"
"873,alfalfalfa.com,"
"874,getpocket.com,"
"875,theatlantic.com,"
"876,tsite.jp,"
"877,ampclicks.com,"
"878,thekitchn.com,"
"879,folha.uol.com.br,"
"880,bluehost.com,"
"881,yomiuri.co.jp,"
"882,drom.ru,"
"883,android.com,"
"884,redirectvoluum.com,"
"885,nbcsports.com,"
"886,ehow.com,"
"887,indianexpress.com,"
"888,ad4game.com,"
"889,shaparak.ir,"
"890,16lao.com,"
"891,cam4.com,"
"892,sapo.pt,"
"893,trafficmonsoon.com,"
"894,tomshardware.com,"
"895,gamepedia.com,"
"896,ruten.com.tw,"
"897,ew.com,"
"898,giphy.com,"
"899,google.bg,"
"900,friv.com,"
"901,feng.com,"
"902,fitbit.com,"
"903,roblox.com,"
"904,google.lk,"
"905,thehindu.com,"
"906,saramin.co.kr,"
"907,vine.co,"
"908,quizlet.com,"
"909,match.com,"
"910,gyazo.com,"
"911,audible.com,"
"912,entrepreneur.com,"
"913,yellowpages.com,"
"914,ebates.com,"
"915,hdfilmifullizle.com.tr,"
"916,haberturk.com,"
"917,sky.com,"
"918,sex.com,"
"919,zone-telechargement.com,"
"920,usmagazine.com,"
"921,monster.com,"
"922,deezer.com,"
"923,globososo.com,"
"924,2chblog.jp,"
"925,cpasbien.pw,"
"926,reimagenetwork.com,"
"927,mobilix.mobi,"
"928,junbi-tracker.com,"
"929,yandex.by,"
"930,intel.com,"
"931,zeroredirect1.com,"
"932,tagged.com,"
"933,coupons.com,"
"934,google.rs,"
"935,abplive.in,"
"936,idnes.cz,"
"937,4pda.ru,"
"938,ccm.net,"
"939,welt.de,"
"940,iflscience.com,"
"941,eastmoney.com,"
"942,banggood.com,"
"943,cisco.com,"
"944,masrawy.com,"
"945,pagesjaunes.fr,"
"946,trklnks.com,"
"947,cqnews.net,"
"948,prpops.com,"
"949,ebay.ca,"
"950,noaa.gov,"
"951,carview.co.jp,"
"952,ultimate-guitar.com,"
"953,digg.com,"
"954,chexun.com,"
"955,lapatilla.com,"
"956,genius.com,"
"957,adschemist.com,"
"958,soku.com,"
"959,whitepages.com,"
"960,fanpage.gr,"
"961,istartsurf.com,"
"962,basecamp.com,"
"963,kotaku.com,"
"964,etao.com,"
"965,okezone.com,"
"966,sankei.com,"
"967,weather.gov,"
"968,clickadu.com,"
"969,popupads.ir,"
"970,189.cn,"
"971,immobilienscout24.de,"
"972,mynavi.jp,"
"973,forever21.com,"
"974,dafont.com,"
"975,bt.com,"
"976,adme.ru,"
"977,blogspot.de,"
"978,mapquest.com,"
"979,mackolik.com,"
"980,tutorialspoint.com,"
"981,tabnak.ir,"
"982,pchome.com.tw,"
"983,tvguide.com,"
"984,rakuten.ne.jp,"
"985,sfr.fr,"
"986,indiamart.com,"
"987,google.by,"
"988,wiley.com,"
"989,images-amazon.com,"
"990,imobile.com.cn,"
"991,lun.com,"
"992,biobiochile.cl,"
"993,breitbart.com,"
"994,walgreens.com,"
"995,seasonvar.ru,"
"996,sponichi.co.jp,"
"997,myfreecams.com,"
"998,istockphoto.com,"
"999,allocine.fr,"
"1000,prezi.com,"
